{"train_losses": [1.5151465145024385, 1.2756183445453644, 1.225605089556087, 1.1628690389069645, 1.0808321215889671, 1.0200542374090715, 0.9740167937495492, 0.9345627641135996, 0.9120102852582932, 0.8779772888530385, 0.8657143128189173, 0.8359753196889704, 0.8144451493566687, 0.7999799500812184, 0.8004322778094899, 0.7765905873341994, 0.7548159167170525, 0.736944665150209, 0.7347893460230394, 0.7212273175066167, 0.7123705381696874, 0.6980387977578423, 0.6927093618295409, 0.6755698151209137, 0.6730341564525257, 0.6572347241369161, 0.6431232556700707, 0.6433042110367255, 0.6332598325881091, 0.6200765093619173, 0.6096502274274826, 0.6082756941968744, 0.5993641954931346, 0.5924374033104289, 0.5916978406635198, 0.5892712567340244, 0.5647033323618499, 0.5807658279483968, 0.5741000378673727, 0.5638089750300754], "train_accuracies": [0.37514204545454544, 0.4928267045454545, 0.514520202020202, 0.544073547979798, 0.5901357323232324, 0.6131076388888889, 0.6345012626262626, 0.662405303030303, 0.6621922348484848, 0.6832544191919192, 0.6856218434343434, 0.7012863005050505, 0.707070707070707, 0.7100615530303029, 0.7155224116161616, 0.7226404671717171, 0.7373737373737373, 0.7405776515151515, 0.7410274621212121, 0.7459280303030302, 0.751696654040404, 0.7538904671717171, 0.7546953914141414, 0.7561316287878789, 0.7659958964646465, 0.7630050505050505, 0.7726720328282829, 0.769625946969697, 0.777612058080808, 0.7798532196969697, 0.784469696969697, 0.7805871212121211, 0.7918560606060606, 0.7917455808080808, 0.7931265782828283, 0.7921717171717172, 0.8024857954545455, 0.7952256944444445, 0.7997316919191919, 0.805981691919192], "test_losses": [1.2119073436615315, 1.1874180854635035, 1.1110783232019303, 1.082937778310573, 1.002419943505145, 0.9038908976189634, 0.8793040552037827, 0.8667690703209411, 0.820996455689694, 0.785108098958401, 0.767011748349413, 0.7639378740432414, 0.788631907168855, 0.7296065345723578, 0.7678367292627375, 0.710163637678674, 0.6957840057129555, 0.6762264231418041, 0.6569789413442003, 0.6596808141850411, 0.6440966046871023, 0.662986455445594, 0.6390433045143776, 0.6492799691697384, 0.5941642269175104, 0.6029602143358677, 0.5973257086378463, 0.5592953271054207, 0.575407512644504, 0.5767352974161188, 0.5918478230212597, 0.545808142169993, 0.5986071641140795, 0.5440763266796761, 0.5446989992831616, 0.535331537748905, 0.5620635500613679, 0.5626664992342604, 0.5861933421581349, 0.5055938223575024], "test_accuracies": [0.5188544832826748, 0.510970744680851, 0.5497720364741642, 0.5812594984802432, 0.6135543313069909, 0.6433320668693009, 0.681420972644377, 0.673584726443769, 0.6911094224924011, 0.7035524316109423, 0.7135258358662614, 0.7095364741641337, 0.6922017477203648, 0.7309080547112462, 0.7035524316109423, 0.7411664133738602, 0.7593085106382979, 0.7483852583586627, 0.7541318389057751, 0.7620630699088146, 0.7604008358662614, 0.7485752279635258, 0.7678571428571429, 0.7580262158054711, 0.7841470364741642, 0.7769756838905776, 0.7739836626139819, 0.7973974164133738, 0.7891812310030395, 0.7822948328267478, 0.7888962765957447, 0.7953552431610943, 0.7773081306990882, 0.7919357902735563, 0.8041413373860181, 0.802954027355623, 0.7923632218844985, 0.7959251519756839, 0.7909384498480244, 0.8122625379939209]}